NaN,-0.29668,0.5605,-0.82897,-0.65322,-0.15423,0.29524,0.64344,0.10458,-0.64377,0.36743,-0.80281,0.61841,-0.44986,-0.78422,0.0075616,0.88746,0.030734,0.33809,-0.65022,0.34454,0.05872,0.52735,-0.9827,0.79085,0.48974,0.23963,-0.78391,-0.44192,-0.46561,0.63382,0.54297,0.79282,0.16486,0.7127,-0.024001,0.90425,-0.23217,0.096018,0.45807,-0.5021,0.041701,0.53612,0.23877,-0.60418,0.83784,0.08739,-0.14903,-0.95614,0.49236,-0.14588,-0.33742,0.79554,0.56806,-0.52165,0.48889,-0.47582,-0.31358,-0.68459,0.65124,-0.10422,0.45539,-0.91902,-0.63457,-0.93662,-0.12493,-0.68908,-0.86985,0.61221,-0.89124,0.50023,-0.81375,-0.30821,-0.91944,0.0826,-0.53549,0.91088,0.55604,-0.27883,0.23534
0.81158,NaN,-0.22052,-0.47504,-0.21812,-0.81154,0.35803,-0.14016,0.25977,-0.28073,-0.73583,-0.71595,0.49724,-0.50274,-0.63554,-0.020811,0.098316,0.31506,0.00042265,-0.7227,-0.13698,0.65996,0.11764,0.45416,0.16504,0.78453,-0.47875,-0.080249,0.35075,0.50747,-0.62106,0.52958,-0.035539,-0.15799,0.79955,-0.0043234,0.95171,-0.47959,0.13372,-0.59477,-0.22715,-0.56185,-0.53382,0.23066,0.21139,0.20507,-0.37076,-0.19132,0.61656,-0.76502,0.91074,-0.093497,-0.0055397,-0.026522,-0.94148,0.6787,0.13949,-0.074787,0.20096,0.76738,0.3025,0.30197,-0.15095,-0.79757,0.44987,-0.35832,0.0047349,0.018912,0.64953,-0.47997,-0.025633,-0.36195,0.69698,0.0094319,0.73794,0.47966,-0.7147,-0.14666,-0.61785,0.12507
-0.74603,0.17053,NaN,0.60203,0.66276,0.19705,0.27157,0.77554,-0.93602,-0.88659,0.44545,-0.6635,-0.75963,-0.096722,-0.80181,0.7541,0.45677,0.90183,-0.56401,0.19777,0.38881,0.71752,-0.63231,-0.29177,0.16549,-0.51479,-0.10869,-0.098234,0.80733,0.79675,-0.75261,-0.15786,-0.97181,-0.81586,-0.56427,0.87195,-0.93817,0.75494,0.36079,-0.56745,-0.13713,0.68478,0.17472,-0.75475,0.64741,0.40428,-0.23592,-0.19941,-0.64158,0.018045,0.44849,0.47477,0.54261,-0.070404,0.40462,-0.47514,-0.28089,-0.26435,0.8749,0.89075,-0.661,0.32923,0.08043,-0.59683,-0.71168,-0.7319,0.13547,0.2416,-0.61913,0.17821,-0.23043,0.77392,-0.67927,0.78891,0.11409,0.77798,0.025127,-0.44008,0.4288,0.66112
0.82675,0.099447,-0.19218,NaN,0.60673,-0.058151,0.89035,-0.21763,0.22943,0.043771,-0.77929,-0.6075,0.05009,-0.54457,-0.020472,-0.29372,0.15352,0.4447,0.14323,0.80212,-0.48643,0.57806,-0.0041024,0.56089,0.70985,-0.74081,0.688,0.10228,0.81705,0.45689,0.64199,-0.88637,0.24576,-0.95195,-0.84604,-0.22144,-0.012236,0.61219,-0.25724,0.95267,0.66177,0.32587,-0.082052,-0.75241,0.62123,0.48735,0.58308,-0.77615,-0.66922,-0.66234,0.16178,0.019771,-0.87928,-0.73749,-0.98473,0.028476,-0.94632,0.35914,-0.78448,-0.21841,0.062898,0.87756,0.90766,-0.73051,0.27185,-0.73083,-0.62346,0.46713,-0.94865,-0.040533,-0.87718,0.31486,-0.68427,-0.22854,-0.9572,0.71962,0.94385,-0.33298,-0.64427,0.9154
0.26472,0.83439,-0.80709,0.85771,NaN,0.3919,-0.58213,0.53823,-0.27518,-0.3283,-0.76501,-0.36504,-0.34833,0.6089,-0.61351,-0.10111,-0.94829,-0.19984,-0.75562,0.87876,-0.98048,-0.36433,0.035691,-0.12669,-0.93027,-0.54986,-0.60759,0.61081,0.49439,-0.18634,0.2758,0.17149,-0.53781,-0.017708,-0.05157,-0.76571,0.72544,-0.077758,-0.84354,0.18647,0.64929,0.63247,0.72196,-0.43108,0.60447,-0.2298,0.67836,-0.15138,-0.63679,0.66222,0.080516,-0.23497,-0.47509,0.77278,0.22184,-0.10645,0.00083838,0.13556,0.79996,0.60264,0.2676,0.070163,-0.58219,-0.35242,0.5797,0.6119,-0.35161,-0.54001,-0.88637,-0.6027,-0.57262,0.36903,0.017319,-0.4159,-0.034639,0.19412,0.29664,-0.26612,0.9737,-0.84899
-0.80492,-0.42832,-0.73605,0.46066,-0.20148,NaN,0.41856,-0.20642,-0.90093,-0.64866,0.28144,-0.36714,0.092899,0.97221,0.79178,0.92706,-0.10694,0.66374,0.34233,-0.55763,0.064566,-0.095585,0.98849,-0.12689,0.77084,-0.29997,-0.3923,0.4017,-0.47898,0.87663,-0.96776,-0.65169,0.054868,-0.44347,0.67005,-0.51915,-0.51425,-0.81808,-0.087299,-0.39119,-0.094003,0.58776,0.32167,0.47147,0.41623,-0.49699,0.36047,0.22709,0.38287,0.85602,0.41088,0.81097,0.30214,0.34911,-0.18382,-0.31758,0.65403,0.30355,0.10093,-0.68577,-0.97181,-0.20312,-0.76734,0.90109,0.13251,0.049529,0.43207,-0.95626,-0.71413,-0.52197,0.087747,-0.052103,0.2066,-0.53193,0.61597,0.3095,0.22934,0.58958,-0.966,0.77605
-0.443,0.5144,0.8841,-0.022782,0.053752,0.27706,NaN,0.61703,-0.02086,-0.58211,-0.34237,-0.56487,-0.20224,-0.94002,-0.80182,-0.9154,0.2926,-0.73132,0.19917,-0.034657,-0.44122,0.50446,0.7097,-0.90157,-0.18454,-0.42583,-0.033411,0.74447,0.37928,-0.48915,0.79191,0.45722,0.44998,-0.32049,-0.061213,0.36982,0.66854,0.12854,-0.90431,0.93541,-0.23888,-0.06179,-0.29224,-0.17738,0.71876,-0.92648,-0.16616,0.97612,-0.57247,-0.66103,-0.98994,0.93052,-0.73279,0.67032,-0.50211,0.67828,-0.48204,-0.017773,-0.14529,0.25033,-0.059257,0.34092,0.29244,0.064261,-0.24517,0.88851,0.10586,-0.72202,-0.65716,0.56039,-0.17871,-0.71751,-0.67721,-0.5981,0.47202,0.83003,-0.060699,-0.92262,-0.92041,0.12489
0.093763,0.50746,0.91227,0.15705,-0.1664,-0.93279,-0.76121,NaN,-0.61498,0.81031,0.30762,-0.49792,-0.16981,0.071328,-0.91167,0.94592,0.042406,-0.87907,-0.88805,-0.24798,0.89246,-0.78028,0.92481,-0.90074,-0.92724,0.85498,-0.32438,-0.89562,-0.73634,0.066326,0.03075,0.068582,0.21483,-0.4253,-0.17246,0.67851,0.62718,-0.62523,0.47651,0.79194,0.85174,-0.38095,-0.30563,0.65796,0.56217,-0.055754,0.28578,-0.5602,-0.40379,0.76747,0.56503,0.25653,0.27709,0.31298,0.30492,0.96499,-0.90823,-0.20308,-0.69524,0.39797,0.77265,-0.11893,-0.78318,-0.50463,0.64317,0.97668,-0.71544,0.53901,0.25169,0.23462,0.80193,0.90185,0.27091,-0.23939,0.14461,-0.13363,0.15556,0.45334,0.60866,-0.61129
0.91501,-0.23911,0.15042,-0.52543,0.31372,-0.86239,0.21461,-0.24521,NaN,0.35078,0.49826,0.78584,-0.63852,-0.82585,0.11459,-0.62159,-0.25537,-0.83151,-0.88731,0.04756,0.81289,-0.78052,0.35788,-0.8178,0.4923,-0.89737,0.59697,-0.56064,-0.753,0.90951,0.089044,-0.49387,0.17673,-0.65819,0.0054925,0.94029,0.25795,0.063379,-0.924,-0.61995,0.48169,0.37516,-0.49256,0.87023,-0.59241,0.29014,-0.57184,-0.29184,0.53667,-0.22427,0.85372,-0.73594,-0.23011,0.96783,-0.35945,0.25293,-0.50706,-0.045032,-0.50491,-0.82826,-0.77194,-0.73425,0.96699,-0.12545,-0.39024,-0.18021,-0.23927,0.93953,-0.94097,-0.71174,-0.88742,0.76525,0.68788,0.18958,-0.98203,-0.42048,0.82263,0.74537,0.71958,-0.55709
0.92978,0.13564,-0.88044,-0.082302,0.25595,-0.3608,-0.099725,-0.56796,-0.58901,NaN,0.16637,0.40645,-0.48923,0.60418,0.54499,0.33424,0.87427,-0.6722,-0.695,-0.47025,-0.21463,-0.46023,-0.193,0.18807,-0.69034,0.18533,0.97498,-0.080716,-0.61819,-0.4645,0.21288,0.83411,-0.13313,-0.20147,-0.74912,-0.56966,-0.99552,-0.28993,0.90849,-0.9964,0.47527,0.9737,0.90506,-0.20187,0.98669,-0.44206,0.23454,-0.46752,0.0023002,-0.23486,-0.98341,0.2366,0.5314,0.95958,-0.79266,-0.63745,0.32146,-0.86682,-0.10526,0.062359,-0.11492,-0.12159,-0.50331,0.33818,-0.36125,-0.25762,-0.20686,-0.22641,-0.055335,0.43226,-0.11298,-0.12512,0.56454,-0.46323,0.43656,0.26376,-0.24756,-0.42837,0.13251,0.41153
-0.68477,-0.84829,-0.53044,0.92618,-0.41603,0.061729,-0.082549,0.58081,-0.70697,0.82426,NaN,0.11148,-0.95893,0.97829,-0.37612,0.17288,0.65907,-0.35156,-0.96076,-0.86329,-0.95029,0.049275,0.86996,-0.51783,-0.71218,-0.6742,-0.6819,0.91707,-0.70854,-0.49983,0.52087,0.51639,-0.51165,0.3953,-0.73543,0.52069,-0.24055,-0.37043,0.48474,0.42353,0.89383,0.53987,-0.4036,-0.89558,-0.81275,0.035722,0.35038,-0.417,0.81893,-0.45709,0.64926,-0.23396,0.30583,-0.49969,0.07113,-0.75397,-0.34118,-0.17794,0.065567,0.77713,0.3191,0.095285,0.21271,0.095391,0.56996,-0.54629,0.15348,0.98686,0.35689,-0.19699,0.075625,0.66991,-0.47087,0.24489,-0.10115,-0.40916,-0.54247,0.3137,0.50823,0.19352
0.94119,-0.8921,-0.29368,0.093611,-0.1367,0.30889,0.32389,0.89861,-0.62186,-0.79198,-0.53035,NaN,0.84735,-0.86611,-0.64204,0.35022,0.69817,-0.39655,-0.12965,-0.12735,0.34287,0.9453,-0.041031,0.68274,0.21192,0.67681,-0.52624,0.58009,0.17009,0.85535,0.71069,0.77406,-0.14208,-0.59265,0.74095,0.16821,0.80881,0.45348,0.8749,0.73545,0.020199,0.65916,-0.68319,0.14237,0.30124,-0.50867,0.20205,-0.62322,-0.88429,0.73577,0.53467,0.98239,-0.23702,0.24914,-0.67026,0.15994,0.31899,0.93818,-0.2907,-0.47267,-0.41045,-0.20973,0.63339,0.21811,0.0074729,-0.10794,-0.9612,-0.34721,-0.77042,-0.075229,-0.73188,-0.34971,-0.3706,0.60913,0.31923,0.24406,-0.15295,-0.53623,0.03903,0.17259
0.91433,0.061595,0.64239,0.042272,-0.96903,-0.18476,0.54057,-0.34487,-0.9147,0.49109,0.46992,-0.57594,NaN,0.8788,-0.32209,-0.27796,-0.25493,-0.97664,0.66444,-0.65229,0.67434,0.42082,-0.53642,0.71443,-0.49104,-0.66488,0.40447,-0.096251,-0.85328,-0.86284,-0.23426,-0.8624,-0.97965,0.33265,0.2059,-0.1941,0.3607,0.031546,0.026728,-0.76338,0.58376,0.41217,-0.27741,0.49534,-0.56965,-0.40498,-0.30738,-0.95428,-0.1265,0.483,0.99427,-0.42635,-0.39996,0.45648,0.76688,-0.34293,-0.97399,0.56144,0.54623,-0.53043,0.90074,-0.20346,0.66011,0.72627,-0.47801,-0.46756,0.15516,-0.72568,-0.52787,0.41456,0.081894,-0.26472,-0.63361,-0.79206,0.50642,-0.90493,-0.45281,0.24391,0.17181,0.93699
-0.029249,0.55833,-0.96919,-0.53681,0.96813,0.63996,-0.29956,0.34253,0.2704,0.47253,0.9412,-0.84531,0.86523,NaN,-0.57971,0.24056,0.18637,0.07981,0.23478,-0.94779,0.943,-0.37628,-0.20742,0.92722,-0.35169,0.0044012,-0.24906,-0.33314,0.64465,-0.4012,-0.8307,-0.63294,0.21764,-0.11387,-0.4694,0.020081,-0.24235,0.58129,-0.51819,-0.92195,-0.095653,0.19067,0.48326,-0.35951,-0.51225,0.30095,-0.2712,-0.10119,0.14451,-0.10425,-0.54469,0.41238,-0.31972,-0.0036594,0.33291,-0.46363,0.43614,0.45804,0.76336,0.67931,0.38857,0.5027,-0.021921,-0.23861,0.46495,-0.081807,0.86439,-0.23049,-0.42184,-0.19758,0.71474,0.58968,-0.10505,0.45848,0.60948,0.98922,-0.11087,-0.84975,-0.61853,0.16349
0.60056,0.86802,-0.91395,-0.022205,-0.66566,0.43672,0.32402,-0.12271,-0.43627,0.12372,0.73386,0.8276,-0.67298,0.36768,NaN,0.6223,0.74511,-0.80925,0.040259,0.90936,-0.88613,-0.41709,0.41015,-0.0222,-0.19642,0.99866,0.94741,-0.88181,0.44581,0.18317,0.46775,0.47415,0.91595,-0.13341,0.72961,-0.0087116,0.26391,-0.59101,-0.48007,0.19639,0.6984,0.50575,0.4118,-0.014131,-0.32062,0.78279,-0.65704,-0.51272,0.13013,0.41928,0.83908,0.070412,0.83785,0.69966,0.69548,0.10048,-0.21776,0.5313,0.46818,-0.0089199,-0.58639,0.044701,0.52146,0.49791,-0.6741,-0.13419,-0.78625,0.12527,-0.65449,-0.97123,-0.60397,-0.80138,-0.34664,0.29718,-0.94169,-0.58647,0.25503,0.93351,0.0068829,-0.8004
-0.71623,-0.74019,-0.66202,0.24812,-0.78757,0.9373,-0.16768,0.667,0.077193,-0.63161,-0.82753,0.41343,0.84219,0.56747,0.81273,NaN,0.867,-0.70697,0.72774,-0.13881,-0.099352,0.70071,0.11712,-0.55938,-0.18725,-0.28919,0.94461,0.48181,0.85172,-0.5934,-0.33602,0.39343,-0.80911,-0.64952,-0.88378,0.30274,-0.51346,0.35621,0.51795,0.20863,-0.21914,-0.0065556,0.40178,-0.55669,-0.60428,0.72221,0.59072,0.73745,0.64763,0.88866,0.284,-0.61358,-0.087466,-0.61816,0.52532,-0.63897,-0.93299,0.51316,-0.18714,-0.69527,0.10952,-0.019134,0.83022,-0.68661,0.84215,-0.48075,0.4643,0.26767,-0.35259,-0.85072,-0.68878,0.90356,-0.44037,-0.050691,0.55963,0.21473,0.069283,0.21994,-0.89817,-0.66679
-0.15648,0.13765,0.29823,0.35827,-0.25518,0.062668,0.68386,0.53771,0.39033,0.19442,-0.26713,0.11558,0.58932,0.068275,0.25785,-0.83225,NaN,0.26228,-0.8046,0.92312,0.16494,0.82329,0.51326,-0.54758,-0.22762,-0.90584,0.2874,0.013589,-0.014723,0.27177,0.6795,0.55399,-0.92882,-0.6136,-0.084492,0.48741,0.14283,-0.89503,0.98669,0.032865,0.47675,0.73027,-0.98755,0.87855,0.013667,-0.58017,-0.014666,0.057222,-0.7478,-0.65176,-0.78936,0.37887,-0.11501,-0.75171,0.61403,0.35698,-0.18797,0.68654,0.20836,-0.53846,0.75856,-0.82264,0.80195,-0.88375,-0.55555,-0.73257,0.94105,0.083213,0.60222,0.18214,-0.87724,-0.99705,0.86353,0.86582,0.1347,-0.30474,-0.22912,-0.23257,-0.88781,-0.79581
0.83147,-0.061219,0.46344,-0.20897,-0.60376,-0.34971,0.66583,-0.66549,-0.001768,-0.40013,-0.2616,-0.37314,0.15479,0.77072,-0.79693,0.9496,-0.58645,NaN,0.8161,0.52483,0.37328,0.27855,0.99096,0.073576,0.2196,-0.57268,0.7202,-0.60015,0.30977,0.59674,-0.25655,0.0038068,0.77247,0.23284,0.44442,-0.39609,0.96346,0.60234,-0.28659,-0.98499,0.95288,-0.86394,-0.25131,-0.035389,0.90152,-0.20181,-0.29075,0.82827,-0.39977,-0.51081,-0.46368,-0.89909,-0.091628,-0.99442,0.2659,-0.88862,0.43262,0.54031,0.28221,0.31591,0.11572,-0.4983,-0.57152,-0.32059,-0.83278,-0.16154,0.21777,-0.37001,-0.40073,-0.108,0.32215,-0.40921,-0.20062,-0.80711,-0.84777,0.43547,0.7469,-0.93886,-0.32961,-0.70751
0.58441,-0.9762,0.29549,-0.26513,-0.020625,-0.78874,-0.48712,0.72396,0.071602,-0.73175,0.37006,-0.66759,-0.11993,0.79801,-0.21829,0.3027,0.3077,0.94844,NaN,-0.9853,0.43887,-0.48926,0.92486,0.52422,-0.66622,-0.20432,-0.19623,-0.14561,0.78025,0.0034021,0.65643,-0.14901,-0.50612,-0.46198,-0.322,-0.82078,0.69936,0.35714,0.50572,0.37787,0.046598,0.93709,0.80299,0.079992,-0.21079,0.77577,0.55012,0.94786,-0.99576,0.28186,0.52769,-0.63113,0.89056,-0.69409,0.42085,-0.93189,0.84267,0.95732,-0.74507,0.1259,0.50467,-0.10488,0.094122,0.63435,-0.8526,0.013721,0.43933,-0.68135,0.55125,0.85324,-0.96279,-0.90309,-0.24115,0.19821,-0.49676,-0.94401,-0.3993,0.71513,0.26181,0.34313
0.91898,-0.32575,-0.098153,0.97596,-0.32101,0.22192,0.22692,0.97974,-0.10963,-0.5748,0.19588,0.24499,-0.48477,0.25188,-0.89077,-0.53752,-0.8559,0.14168,0.033994,NaN,0.30008,-0.82267,0.070134,-0.30487,-0.62382,-0.33266,0.26386,-0.66262,0.077051,0.30162,-0.64696,0.22247,-0.98217,0.11936,-0.19756,0.65193,-0.43311,0.89202,-0.7799,0.89204,-0.14017,-0.80249,-0.36331,-0.55789,0.16893,-0.48694,-0.52639,0.17085,0.90221,0.61723,0.61102,-0.90868,-0.56176,0.068322,0.37733,-0.42696,0.96803,-0.77728,-0.007616,-0.41634,0.7898,0.27592,0.56942,-0.2449,0.5391,-0.35135,-0.3945,-0.69477,0.10554,-0.81021,-0.41779,-0.11452,0.18569,-0.53287,-0.73309,-0.86632,-0.19994,0.20709,0.78396,0.27971
0.31148,-0.67564,0.094018,-0.92452,0.90326,0.5576,0.1645,0.028847,-0.75214,0.78988,0.57873,0.97587,0.50389,-0.72426,0.0025658,-0.19302,-0.18655,0.9937,-0.71369,0.4119,NaN,0.67651,0.92774,-0.077536,-0.81074,-0.54079,0.97047,0.50339,-0.43559,0.59191,-0.74096,0.71154,0.62984,0.88957,0.05396,-0.22083,0.36492,-0.81688,0.19409,0.74707,-0.58568,0.093954,0.19417,-0.80811,0.21307,0.9336,0.68967,-0.76205,0.5326,0.70674,-0.79149,0.77008,0.76481,0.021267,-0.3581,-0.84522,0.96684,-0.20785,-0.37906,0.24461,0.68369,0.41889,-0.61112,0.94521,0.63535,0.36938,-0.081955,-0.7261,0.10938,-0.24916,0.94765,0.57969,-0.86299,-0.93534,0.12895,0.85413,0.035447,0.69568,0.34679,-0.25513
-0.92858,0.58857,-0.40736,0.77034,0.84066,-0.15309,0.081479,0.76856,-0.019285,-0.85709,-0.26469,-0.65914,-0.54266,-0.5644,-0.13656,-0.75596,0.33386,0.10708,0.11874,0.29026,-0.2523,NaN,-0.76875,0.27865,-0.35363,0.87224,0.11895,-0.2633,0.95192,-0.53325,0.75977,0.34159,-0.719,0.42894,0.78847,0.55061,-0.28375,0.81688,-0.13881,-0.77345,-0.3532,-0.19406,-0.40441,-0.87967,0.42929,0.23831,0.63305,0.85307,0.50261,-0.20376,-0.060482,0.67959,-0.96025,-0.22957,0.063297,0.80114,0.79261,-0.015879,0.15715,0.43181,-0.73829,0.98524,0.49378,0.21064,0.48085,-0.11381,-0.90394,0.41961,0.46129,0.091998,0.52928,0.82704,-0.58952,0.15972,0.081963,-0.82446,-0.87635,0.0092325,0.37053,-0.67425
0.69826,-0.37757,0.48939,0.82657,-0.89465,-0.81835,0.73988,0.17605,0.706,-0.51503,-0.58794,-0.48442,-0.87163,-0.63572,0.99512,-0.46312,0.86745,0.030917,-0.99084,0.10462,0.16316,0.89622,NaN,0.83467,0.53919,0.36638,0.86718,0.88364,-0.92715,0.20168,-0.91184,0.047184,0.75973,0.35844,0.55672,-0.64126,0.97385,0.019906,0.46144,-0.29086,-0.77826,-0.78592,-0.74997,0.63902,-0.19693,-0.66931,0.69246,0.18712,-0.72227,-0.76901,-0.56188,-0.76369,-0.31647,-0.37881,0.74639,0.69321,0.73141,-0.48381,0.88722,-0.43854,-0.62169,0.86439,-0.048884,-0.32353,0.5165,-0.12867,-0.2293,-0.070271,0.54725,-0.77664,-0.51263,0.066509,0.44724,0.6844,-0.86216,-0.3352,-0.53727,-0.98418,0.39149,-0.22096
0.86799,0.057066,-0.62209,0.59237,0.47572,-0.46706,-0.47044,-0.6905,0.74785,-0.89249,-0.82667,-0.2064,0.53466,-0.91636,0.62321,-0.48431,0.6219,-0.33864,0.53336,-0.56378,-0.76776,-0.87794,-0.3913,NaN,-0.53176,0.92423,0.44069,-0.96565,-0.34751,-0.77508,0.37344,-0.40237,-0.80925,0.91876,-0.86126,-0.78128,-0.83203,0.22981,-0.47765,-0.51613,-0.24958,0.44833,-0.22329,0.54296,0.71738,0.6524,-0.25963,0.76723,-0.30136,-0.83944,0.84542,-0.17917,0.53205,-0.99289,-0.89092,-0.2086,0.60192,-0.92607,-0.14612,-0.17545,-0.69272,-0.81554,0.16652,0.85597,0.92239,0.58605,-0.27657,-0.77346,0.80169,0.80893,0.36423,0.60815,0.1503,0.11379,0.97686,0.052362,-0.76303,0.83815,0.59966,0.59995
0.35747,-0.6687,0.37355,-0.80258,-0.46176,-0.69269,-0.36385,-0.60027,-0.45941,-0.11656,0.54387,-0.85201,0.3424,-0.78612,-0.028697,-0.33667,-0.030903,-0.14,0.69742,0.54473,-0.88469,0.16928,0.16038,0.43127,NaN,-0.12405,-0.031923,0.65811,0.94603,0.031531,0.46755,0.40794,-0.29488,0.55067,-0.44243,0.81032,-0.49939,-0.36786,-0.81038,0.12067,-0.34019,0.22736,0.63538,-0.60861,0.84097,0.31139,-0.23354,-0.15105,-0.69732,-0.27906,-0.35935,-0.75954,-0.31439,0.63048,0.00080155,-0.66157,0.10996,0.94876,-0.93374,-0.27559,-0.9422,0.90708,-0.4789,0.79685,-0.06715,0.63111,-0.42483,0.40176,-0.72367,0.26655,-0.72429,0.12532,-0.59953,0.67977,-0.49781,-0.50672,-0.80244,-0.17859,0.32121,-0.20041
0.51548,0.20396,-0.63298,-0.47626,-0.15433,-0.43799,-0.76157,-0.18609,-0.58308,-0.97343,-0.58865,0.36819,0.43043,0.23289,0.7889,-0.69553,0.5135,-0.016387,0.83364,-0.54394,0.95953,-0.42978,0.061929,0.15548,0.38564,NaN,0.27806,0.25318,-0.26993,0.67568,-0.12566,-0.23678,0.18684,0.21545,-0.24126,0.7527,0.62269,-0.84503,-0.098073,0.22545,-0.31579,0.56594,0.96235,0.79024,0.50168,0.092905,0.72267,0.21451,-0.0065586,0.65781,0.71509,0.14419,0.23761,0.27684,-0.13447,-0.1391,-0.16226,0.45285,0.85887,0.56278,-0.98183,-0.67441,-0.83036,0.70141,0.57399,0.50423,0.63343,-0.64003,0.58815,0.81082,0.25962,0.50175,0.68696,-0.5901,-0.36905,0.085799,0.78055,0.46473,0.039873,0.51024
0.48626,-0.47406,-0.26303,-0.32929,0.095742,-0.11983,0.87966,0.49741,0.12996,0.79438,-0.22346,-0.19522,0.28412,0.87932,-0.72491,-0.30398,-0.16591,-0.85793,0.97394,-0.25827,-0.43035,0.65546,0.80242,-0.1334,0.64816,-0.98833,NaN,0.077493,-0.3817,0.84158,-0.24032,0.13537,0.17036,0.896,0.72935,0.99959,-0.83115,0.70123,0.28015,-0.39838,0.63424,0.13324,0.72398,0.3686,-0.42882,-0.49734,-0.072182,-0.85847,0.6173,-0.57078,-0.48031,0.89878,-0.093958,-0.10332,0.80856,-0.16756,-0.74575,-0.70407,0.84996,-0.72903,0.1929,0.94091,-0.40373,-0.48642,-0.15486,0.57851,-0.098944,0.60734,-0.62117,0.26111,0.71403,-0.98154,-0.15254,0.24251,-0.39869,0.56174,-0.93322,-0.69779,-0.33653,-0.40958
-0.21555,0.30816,0.25124,0.35946,0.88547,0.054285,0.2911,0.65117,0.28062,-0.60668,0.10356,0.96567,-0.1619,-0.29109,-0.21999,-0.75668,0.94357,0.77548,0.010266,0.78186,0.18995,-0.61803,0.081101,0.76849,0.65596,0.22061,-0.60253,NaN,-0.75818,-0.0035441,0.95931,0.77572,0.33536,-0.88072,-0.16008,0.72851,0.062508,-0.71095,-0.73592,0.59628,0.063371,0.62264,-0.83236,0.31369,0.59363,-0.91969,0.1411,0.84954,0.26574,0.58208,0.75613,-0.48723,-0.97967,-0.51183,0.26037,0.45753,0.30924,-0.70421,-0.28339,0.80414,0.2181,0.19401,0.83426,-0.42901,0.88746,0.0025349,0.61327,0.027912,-0.94205,-0.97154,0.7996,-0.04643,0.089502,-0.65196,-0.91592,0.043765,0.67807,0.63047,0.86835,0.28001
0.31096,0.37843,0.56045,-0.72689,-0.16451,-0.085151,-0.041074,0.57993,-0.16594,-0.81326,-0.54209,-0.19563,-0.21848,-0.17874,0.85471,0.76831,0.97595,-0.87073,-0.45716,0.71275,0.92432,-0.11494,-0.13604,-0.2139,-0.41326,0.60215,-0.20927,0.45326,NaN,-0.44478,-0.20201,0.6859,0.29605,-0.46258,-0.52025,-0.92624,0.60125,-0.25903,-0.094355,0.59128,0.042244,0.15355,-0.32458,0.98076,-0.71447,-0.53325,0.39061,0.28416,0.3768,0.30938,-0.62346,0.97973,0.19816,0.60677,0.96607,-0.18705,0.72793,0.40965,-0.48002,-0.42073,0.83785,-0.51955,-0.058964,0.55989,-0.99737,0.11036,0.58035,0.096877,-0.74523,-0.36704,-0.30326,-0.49934,0.055935,-0.42092,0.055803,0.8639,0.014533,0.81921,-0.50705,0.77023
-0.65763,0.4963,-0.83775,0.44245,0.9661,0.75074,0.27863,-0.36295,-0.58805,-0.38527,0.28388,0.24134,0.63228,0.9687,0.83499,-0.81144,0.7283,-0.12763,-0.7985,-0.19513,-0.62844,-0.21318,0.085334,-0.64205,-0.38126,-0.53404,0.98435,-0.81102,-0.72904,NaN,-0.11963,0.7976,-0.13326,0.97336,0.19531,0.089365,0.47765,0.24478,0.3044,0.56218,0.54862,0.88806,-0.52774,-0.93262,0.0091004,-0.27777,0.92183,-0.791,0.27914,-0.94771,0.51839,-0.30038,0.20314,0.64794,0.1704,0.90361,-0.4508,-0.23801,0.57372,-0.00088415,0.46715,-0.85941,-0.46106,0.40279,0.96254,0.2615,-0.43408,-0.58431,-0.73253,-0.77626,-0.02738,-0.38416,-0.62978,-0.96299,-0.48796,-0.70578,-0.77257,0.55588,0.022413,-0.58071
0.41209,-0.098917,0.85877,-0.78648,-0.39709,0.036104,0.089432,0.068128,0.89587,-0.087885,-0.031039,-0.69126,-0.36514,0.89116,0.42715,0.86008,-0.22223,0.65326,0.015698,-0.36396,-0.61392,0.65315,0.42483,0.26667,0.04606,0.86494,-0.1953,0.75515,-0.33576,0.8346,NaN,0.87801,-0.72048,0.54441,-0.041191,0.99523,-0.71667,0.9951,0.654,-0.2978,-0.75947,0.7429,-0.36439,-0.15149,0.22138,0.26691,0.092626,0.40045,0.45864,0.57155,-0.93662,-0.58296,0.29883,0.70438,0.68127,0.82397,0.68033,-0.84718,0.023164,0.56718,-0.39771,-0.39992,0.52594,-0.014976,0.14039,-0.80402,-0.86338,0.56918,-0.74338,0.25893,0.35903,0.9339,-0.83662,0.40299,-0.18258,-0.16647,-0.019109,0.51425,0.48064,-0.039287
-0.93633,-0.83236,0.55143,0.30751,0.4022,0.88725,0.29462,-0.8201,-0.83586,-0.79666,-0.69631,-0.23731,0.62908,0.35329,0.23667,-0.20196,-0.090516,-0.21093,0.17122,0.21727,-0.31671,0.35374,-0.96665,0.248,-0.3494,0.52653,0.31771,-0.97128,0.79496,0.019679,-0.34793,NaN,0.50386,-0.049291,0.7971,0.022016,-0.12421,0.034688,-0.38385,-0.89141,0.2509,0.015204,0.9689,-0.020033,0.40759,0.9722,0.27315,-0.20839,0.71969,0.84513,0.28468,0.33165,-0.31456,-0.065496,-0.062372,0.90283,-0.85849,-0.17832,0.12505,0.35412,-0.008851,0.62709,0.54434,0.93534,-0.30706,-0.50865,-0.89014,0.052979,0.87052,-0.87858,0.40824,-0.58239,-0.071813,0.90418,0.89503,-0.43941,0.19888,-0.1896,-0.49166,-0.77402
-0.44615,-0.54205,-0.026417,-0.011652,0.33268,0.27542,0.087772,-0.77659,-0.78858,0.99078,0.56386,-0.67773,0.57815,0.9766,-0.31342,-0.9052,-0.50663,0.22695,0.52577,0.82039,0.8658,-0.58479,0.60184,-0.34412,0.66369,0.6529,0.8027,-0.41139,-0.00070244,0.94838,-0.37188,-0.99728,NaN,0.3618,0.86942,0.74702,-0.29924,0.98102,-0.19527,0.41741,-0.3067,0.57765,0.096502,0.16701,-0.23332,-0.58569,0.14178,-0.83019,0.25391,-0.015374,0.13374,0.94669,-0.013401,0.9414,0.090445,-0.308,-0.24242,-0.71402,0.36959,-0.70038,-0.48367,-0.84658,-0.9574,-0.047677,0.11501,0.23145,0.27505,0.14205,-0.45354,0.34799,-0.078232,0.040953,-0.93889,0.49802,0.83856,0.1962,-0.81957,0.4038,0.69117,-0.73526
-0.90766,0.82667,-0.12828,0.5581,0.078253,0.91539,0.44209,-0.72741,-0.71592,-0.33581,-0.79879,0.51622,0.70453,0.53366,0.87205,-0.31525,0.56885,0.63728,-0.83407,0.8182,-0.21866,-0.36379,-0.71498,0.60593,0.62059,0.14693,0.99076,-0.64017,0.23058,-0.60544,0.789,-0.99382,0.30092,NaN,0.63577,-0.85956,-0.043005,-0.54693,0.76846,0.98586,-0.33076,-0.053939,0.4985,-0.83346,0.45737,0.51417,0.85422,-0.57104,-0.63882,0.66802,-0.24718,0.2454,0.40355,0.68249,-0.64179,-0.41951,-0.46366,0.59784,-0.81521,0.39324,0.46571,-0.29105,0.75997,0.98981,-0.40043,-0.39008,-0.15143,-0.15592,0.88536,-0.045122,-0.27146,-0.54891,-0.13003,0.51345,-0.75751,-0.92705,0.95645,0.13092,0.076309,-0.872
-0.80574,-0.69524,-0.10643,0.43007,0.39621,-0.51859,0.044991,0.3573,-0.66708,-0.40531,-0.41187,0.74222,0.011273,-0.3266,-0.75045,0.47193,0.76568,0.77247,0.32319,0.18319,-0.45357,-0.73238,-0.043051,0.99896,0.114,0.58516,0.30633,0.85259,0.16627,-0.77763,-0.50595,-0.82506,0.71475,-0.2397,NaN,0.97508,0.17481,-0.20399,0.40116,-0.67505,0.14923,0.6576,0.6837,0.32031,0.77457,0.77266,0.72753,-0.5024,0.14661,-0.73729,-0.5749,-0.87292,0.77561,-0.8429,0.26892,0.7734,-0.69416,0.8605,0.74516,-0.74197,-0.76648,-0.73598,0.59634,-0.018843,-0.68185,0.53394,0.81106,0.44231,0.2763,-0.38891,-0.43947,0.1344,0.11573,0.084178,0.18389,-0.87263,0.30604,0.16947,0.82027,-0.84141
0.64692,0.65163,-0.3873,0.80744,0.33306,0.35224,0.98741,-0.009646,0.24192,-0.87591,-0.52525,-0.29845,0.27132,0.32476,0.46117,0.58936,0.82742,0.86222,0.033958,-0.33486,-0.69611,0.34293,-0.48633,0.96196,-0.47407,-0.34192,-0.78313,-0.86364,0.39651,-0.40529,-0.37864,-0.47855,-0.83126,-0.57346,0.48644,NaN,-0.70839,0.39314,-0.51626,-0.77287,0.72788,-0.35504,-0.66622,-0.89539,-0.8883,-0.05554,-0.66032,-0.54669,-0.67287,0.51957,0.58431,-0.25298,-0.88988,-0.5248,0.92592,-0.57994,0.262,-0.99056,0.88588,0.89189,0.49208,-0.68364,-0.35167,0.0069068,0.33051,-0.46554,-0.16536,-0.85372,0.74506,0.032666,-0.84759,0.99633,0.27756,-0.43587,-0.2807,-0.35423,-0.077736,-0.31017,-0.29859,0.25391
0.38966,0.076685,0.017017,0.78185,-0.64374,-0.42187,-0.56265,-0.62058,0.14742,-0.40351,0.061745,0.37107,0.90179,-0.51167,0.29295,0.089812,0.11657,-0.61843,-0.6579,0.70613,-0.20578,0.14198,-0.26182,-0.74593,0.36113,-0.55308,-0.92777,0.16219,-0.94134,-0.20716,-0.18226,-0.9544,0.94418,-0.23412,0.79942,0.12852,NaN,-0.87072,0.51966,0.82575,-0.60287,0.95229,0.8062,0.11366,-0.72357,-0.68217,-0.6426,0.40601,0.8121,0.85147,-0.70911,-0.6675,-0.80328,0.63514,0.068028,-0.73825,-0.36725,0.30008,-0.80681,0.77282,0.61958,-0.87571,0.33809,0.53755,0.36841,-0.92099,-0.69188,0.18972,-0.26585,0.41406,-0.11075,-0.73627,-0.93157,-0.51025,0.43861,-0.80324,0.72752,0.40847,0.87065,-0.17733
-0.3658,0.99227,0.021543,-0.33167,-0.74397,0.34362,-0.7884,-0.0099884,-0.89584,-0.9073,-0.817,-0.4117,-0.11207,-0.40899,0.6663,0.37245,0.19774,-0.48284,0.87712,-0.1152,-0.25056,-0.66047,0.32353,-0.53552,-0.53269,-0.37523,0.23618,0.2743,0.055765,-0.15849,0.41602,-0.15183,-0.93708,-0.94066,-0.86952,-0.13708,0.28039,NaN,-0.41815,-0.036686,0.3449,-0.44358,-0.78975,0.42405,0.72613,0.62184,-0.51299,0.50831,-0.84531,0.66542,-0.021715,-0.53744,0.29957,-0.18834,-0.040771,0.041032,0.91822,0.35706,0.69177,0.030009,0.49047,0.40369,-0.40741,-0.22383,0.58482,-0.40688,0.079999,0.72395,-0.5276,0.62722,-0.66859,0.90935,0.4198,-0.42736,0.047102,-0.65991,-0.47434,-0.67827,0.85544,0.27718
0.90044,-0.84365,0.63526,0.39749,0.99816,0.39028,-0.78061,-0.70478,0.8624,0.010856,-0.18937,0.061259,-0.87996,0.36036,-0.20344,0.78727,-0.70225,0.79573,0.18097,0.80871,-0.73777,-0.70469,-0.66078,-0.95274,-0.087149,0.16905,0.13429,0.30254,-0.93585,-0.37705,-0.71272,-0.31787,0.67081,-0.055358,-0.32818,-0.32431,-0.67412,-0.1592,NaN,0.70361,0.80366,-0.85434,0.49019,-0.024179,-0.15651,-0.046984,0.50356,0.094573,-0.32293,-0.4812,-0.97431,-0.89558,0.52814,-0.067376,0.58733,0.81093,-0.002652,-0.49275,0.81879,0.35882,-0.32571,-0.82704,0.8599,-0.093481,-0.30275,0.11273,0.87418,-0.1024,-0.62536,-0.36838,-0.2025,-0.75224,-0.66135,0.92627,-0.47831,-0.25767,0.64793,-0.99697,0.1754,0.71311
-0.93111,-0.11464,0.58966,-0.60438,-0.65776,-0.86401,-0.87282,-0.89005,0.45732,0.52285,-0.79031,0.66485,0.7335,0.055694,0.49964,-0.89042,0.79943,0.18672,-0.11873,-0.93364,-0.12992,-0.047841,-0.44243,0.21487,-0.23087,0.65983,0.92393,0.72924,0.65428,0.38769,0.74264,0.082708,0.67143,-0.33325,-0.99133,0.44145,0.13182,0.62263,-0.98778,NaN,-0.60169,0.50245,0.45874,0.2352,-0.17737,-0.76742,-0.60173,0.10697,0.16124,-0.57396,-0.62678,0.80351,0.97592,0.90307,-0.81457,-0.19494,0.47722,0.68636,-0.97732,0.95359,0.16865,0.23357,-0.43608,-0.73429,-0.49985,0.93815,0.32191,0.30515,0.091299,-0.3774,0.84117,-0.62752,0.18676,-0.53861,-0.013841,-0.92048,-0.34205,0.124,-0.79648,0.52715
-0.12251,-0.78669,0.28864,-0.93892,-0.9348,-0.49042,-0.19084,0.70143,0.47568,0.26214,-0.77543,0.19498,0.26238,-0.17681,0.67044,-0.39268,-0.099213,0.0076802,0.88384,0.064853,-0.81697,0.8162,-0.60356,-0.77838,0.077203,-0.41908,0.49221,-0.88809,-0.32003,-0.81626,-0.83369,0.85234,-0.90028,0.95169,0.65619,-0.97269,0.86323,-0.24079,-0.25058,-0.62648,NaN,0.66238,0.43494,-0.57244,0.91828,0.75144,0.96588,0.26115,-0.04953,0.04463,-0.029539,0.58658,-0.74935,0.93001,0.7616,-0.56848,-0.97449,-0.41208,0.047365,-0.74908,-0.062096,-0.65246,-0.66224,0.51701,-0.30999,0.37825,-0.21069,-0.39305,-0.48977,-0.31005,0.022669,0.29301,0.21613,0.074643,0.71167,0.41848,0.8826,0.092968,-0.26625,0.95232
-0.23688,0.9238,-0.24278,0.48815,0.1224,-0.55192,-0.10325,0.12112,-0.87319,-0.82022,0.56886,-0.32938,-0.28985,0.20528,-0.35508,-0.90762,-0.58866,0.22562,0.31183,0.43299,0.22925,0.10435,-0.60986,-0.18508,0.98341,-0.19489,0.32503,0.63371,0.69342,-0.19582,-0.076524,-0.403,0.091772,0.11089,0.014871,-0.25188,0.5662,-0.36186,-0.12613,-0.5056,-0.0069595,NaN,-0.73314,0.29132,0.50049,0.27037,0.41928,0.97091,0.61064,-0.20529,0.67645,-0.25397,-0.27105,0.53057,-0.99225,-0.84252,0.21071,-0.94628,0.30069,0.50449,-0.82547,0.3028,0.49033,0.13047,-0.34273,0.43576,-0.48202,0.21488,-0.38835,0.33261,0.82828,-0.74366,0.54472,-0.58998,0.44881,0.28268,-0.51178,0.10166,-0.44831,0.56307
0.53103,-0.99073,0.62316,4.4871e-05,0.76373,0.33567,-0.26837,0.85922,0.72088,-0.83828,-0.41686,-0.40155,0.99401,0.50104,0.10452,-0.60905,0.7993,0.63884,-0.096109,-0.6414,-0.97804,-0.93412,-0.34632,0.76815,0.51044,0.72411,0.046627,0.057845,-0.50786,-0.40964,-0.93922,-0.32383,0.88634,0.69261,-0.26768,0.84537,0.37137,0.9721,-0.3914,-0.89162,0.77981,-0.34595,NaN,-0.23872,0.96199,-0.80544,-0.64913,0.26856,0.061556,-0.04178,-0.71789,0.66411,0.35246,0.14907,0.023058,0.86612,0.1529,-0.81339,-0.22971,0.6541,0.65743,-0.0026072,-0.045731,0.29727,0.85497,0.11806,0.69582,-0.4422,-0.9689,0.72214,-0.81613,-0.83736,-0.88745,-0.13192,-0.60178,-0.65188,0.91422,0.38907,-0.4678,0.87117
0.5904,0.54982,0.065651,-0.040156,0.33835,0.68878,0.52701,0.39333,0.86881,0.55448,0.20707,-0.094815,-0.55166,0.16707,0.95826,0.44033,0.52517,0.063778,0.67939,-0.32693,0.14652,-0.89227,0.76068,0.096266,0.96091,0.22948,-0.48021,0.3887,0.16298,-0.38701,0.5064,0.71896,-0.35705,-0.18387,-0.54672,0.092959,-0.067561,0.43636,-0.41828,0.21792,0.0028292,0.60814,0.017574,NaN,-0.53297,0.81688,0.71659,0.20091,-0.54538,0.98781,0.46443,0.50767,-0.24848,0.83185,0.35693,0.20574,0.61476,0.59577,0.2986,0.56286,0.37189,-0.43098,0.30689,0.59612,0.51214,0.066708,0.89011,0.59912,0.17498,0.52356,0.98607,0.31845,0.70945,-0.71558,-0.68543,-0.8757,0.02165,0.85499,-0.54692,0.4783
-0.62625,0.63461,-0.29855,0.80944,-0.61913,-0.31108,0.25579,0.16558,0.9688,0.81027,0.92885,-0.15471,0.3049,0.10359,0.098617,0.44351,0.76497,-0.59585,0.065247,-0.62457,0.57946,0.61013,-0.057796,-0.26199,-0.53043,0.98238,0.92399,-0.57519,0.87535,-0.78888,0.40009,-0.31904,0.61293,-0.075964,0.069663,-0.052226,-0.47936,-0.17363,-0.51497,0.55446,-0.44601,0.076501,0.060981,-0.24498,NaN,-0.92997,0.81882,0.81837,0.41897,0.20896,0.38213,0.24373,0.72692,-0.0091352,0.1315,-0.24502,0.30994,0.42281,0.52571,-0.61823,-0.46535,0.66112,0.93315,-0.5591,-0.42352,0.75145,-0.246,0.59234,0.92512,0.75168,-0.80713,-0.9452,-0.23143,-0.24883,-0.25905,-0.18668,0.12916,0.88842,-0.99736,-0.49276
-0.020471,0.73739,0.878,0.21973,-0.26217,0.56104,0.54396,0.63079,0.71788,0.067544,-0.13503,-0.28079,0.20998,0.16714,-0.33915,0.7556,-0.4301,-0.092213,0.10777,-0.35615,-0.52927,-0.09725,-0.19206,-0.58331,0.057118,-0.5926,0.080408,0.08656,-0.90443,0.18766,-0.57098,-0.72376,0.2028,0.65261,-0.42103,-0.0069254,0.13854,-0.80274,0.87337,0.022128,0.067916,-0.07341,0.71943,-0.47428,-0.23084,NaN,0.92333,0.14167,-0.70273,0.88982,-0.93101,-0.21181,-0.41605,-0.66798,-0.043083,0.32986,0.75646,0.56681,0.15137,-0.14272,0.93897,0.63672,-0.37395,0.71578,0.21236,-0.2138,-0.86544,0.90817,0.6997,0.74247,-0.37371,0.97036,-0.20076,0.58712,0.72454,-0.073874,0.98743,0.80653,0.78601,0.4385
-0.10883,-0.83113,0.75189,0.23533,-0.078548,0.35066,0.86571,0.75803,0.57112,-0.78169,0.3895,0.11664,-0.22551,0.02364,0.23894,0.16487,0.34645,-0.14418,0.36013,-0.19229,-0.10396,-0.23471,-0.64154,-0.11811,-0.89713,0.65442,-0.93946,0.40504,-0.89204,-0.43454,0.35981,0.015598,0.57924,0.98241,-0.86326,-0.38206,-0.50246,0.46912,0.72038,-0.9445,0.1485,0.6415,0.35545,-0.51743,0.0005451,0.97714,NaN,-0.32916,0.31623,-0.019116,-0.022285,-0.28144,-0.73305,-0.348,-0.35897,0.58438,0.80475,0.24785,0.26384,-0.97109,-0.63245,0.87634,-0.84712,0.80946,0.53206,-0.083866,-0.63684,-0.11132,-0.98412,-0.65442,0.57075,0.078662,-0.34917,0.62563,0.36953,-0.59465,0.54197,0.20821,-0.093005,0.38703
0.29263,-0.20043,0.10031,0.71888,0.96328,-0.98657,0.94548,0.97782,0.026755,0.65162,0.5162,0.48509,-0.71563,-0.83481,-0.27873,-0.85863,0.32856,0.93211,-0.26562,0.097133,0.13872,0.57929,0.93785,0.91239,0.51375,0.35172,0.39263,0.91287,-0.95876,-0.68956,0.11459,0.71331,0.59837,0.047895,-0.83006,0.90168,-0.3614,0.27461,-0.20554,0.98077,-0.17439,0.90381,0.61168,0.24585,0.14051,0.37236,0.12576,NaN,0.26797,-0.12411,0.94278,-0.8223,0.3453,-0.40713,0.20316,-0.33302,-0.69553,0.65083,-0.44359,-0.34943,-0.40012,-0.99935,0.58283,-0.41596,0.6923,-0.58351,0.1515,-0.086234,0.26805,0.70045,0.2048,-0.25233,0.11078,0.80758,0.2684,0.7391,-0.3724,0.85242,0.15684,0.54664
0.41873,-0.48026,0.24495,0.61098,-0.68719,0.20434,-0.61594,-0.99896,-0.6448,-0.3238,-0.13472,-0.15133,-0.94973,0.43914,0.51302,0.84549,-0.75437,0.24011,-0.52142,-0.90252,-0.8772,-0.27143,-0.18509,-0.75195,0.20396,-0.5021,0.039432,-0.11092,0.36296,-0.99868,0.70136,-0.23137,-0.90087,0.85087,-0.86332,0.96399,0.8216,-0.85232,-0.041162,0.0018798,-0.97047,-0.84745,0.062486,0.045856,0.95326,-0.24662,-0.64668,-0.12015,NaN,0.54531,-0.7751,-0.31665,-0.59483,0.1166,0.82631,0.38532,-0.61484,-0.92995,0.67967,-0.7306,-0.17763,0.28078,-0.26923,0.45174,0.80396,0.51455,-0.62823,0.19963,-0.28142,0.91918,-0.068183,0.41347,-0.40916,0.080751,-0.71735,0.19588,-0.88425,-0.76611,-0.36879,0.49443
0.50937,0.60014,0.17409,0.15344,0.71105,-0.22646,-0.72225,0.73088,-0.20282,-0.41205,0.311,-0.14129,-0.15778,0.99231,-0.1722,0.60074,-0.18536,0.39078,0.15785,0.10546,-0.0074222,0.0647,0.68897,-0.058474,0.71434,-0.048429,-0.88194,-0.8292,0.19726,-0.43281,0.11713,0.39138,-0.4336,0.47804,-0.18037,0.027126,0.77044,-0.75898,0.12999,-0.33601,0.40553,0.41734,0.91179,-0.17352,-0.01429,0.0086485,0.027358,0.20309,-0.63554,NaN,0.48643,0.097341,0.73703,-0.86505,0.36504,-0.59237,0.58195,-0.18905,-0.14633,-0.098965,-0.52702,-0.98529,0.1702,-0.32111,0.19141,0.093384,-0.4171,0.68524,-0.77188,0.54041,-0.40374,0.89482,-0.26776,0.63573,-0.8414,-0.95397,-0.91185,-0.3184,0.98803,-0.36323
-0.44795,-0.13717,-0.58452,-0.63416,0.28953,0.83198,0.39253,0.22513,-0.73214,0.49263,-0.78049,-0.75025,-0.6318,-0.29093,-0.01531,-0.42811,-0.44943,0.44033,0.73377,-0.45038,0.28463,0.42331,0.23065,0.71379,0.97655,-0.20185,0.78007,-0.88532,-0.77194,0.10162,0.80355,0.25581,0.30691,0.13486,-0.75324,0.98518,0.58918,0.96319,-0.020761,-0.65223,0.013494,-0.53015,-0.86665,-0.56442,-0.19823,0.52699,0.096944,0.44052,-0.66729,-0.11419,NaN,-0.078905,0.50231,-0.86204,0.89347,0.91743,-0.87859,-0.50066,0.26324,0.14455,-0.60989,-0.78716,-0.63333,-0.45464,-0.86293,-0.28522,-0.076672,-0.9376,0.081636,0.75003,-0.73365,-0.23545,-0.3019,0.41683,0.75229,0.79885,0.62589,-0.92654,0.96779,0.020862
0.35941,0.8213,-0.39751,-0.52014,-0.24746,-0.9977,-0.81236,0.9799,-0.93822,-0.97933,0.86752,-0.95113,0.45155,0.94252,0.38949,0.087326,0.43334,-0.30621,-0.18645,-0.517,-0.55747,0.74295,-0.24678,-0.91322,0.85897,0.19888,-0.3396,0.2589,0.59249,0.7418,-0.16096,-0.099224,-0.020689,0.93756,-0.11397,-0.088313,0.85162,-0.0064012,-0.46038,0.25127,-0.23747,-0.20221,0.083036,0.71711,0.98998,-0.90225,-0.66945,0.35756,-0.70079,-0.894,0.18837,NaN,-0.16124,-0.66643,-0.80182,0.42366,-0.22035,-0.038206,0.66693,0.58405,0.41076,-0.78641,-0.84616,-0.65945,-0.56391,0.402,-0.30605,-0.62546,-0.16716,-0.86517,-0.40998,0.38582,0.26045,-0.91358,-0.15914,-0.094108,-0.17585,0.07674,0.9291,0.54613
0.3102,-0.63631,-0.058153,0.77302,-0.61815,-0.075102,0.050809,0.05536,0.87828,-0.90311,-0.62508,-0.41963,-0.25927,-0.3071,0.94547,0.96955,-0.43323,0.033981,-0.77477,-0.51371,0.67411,-0.34262,0.75436,0.38325,-0.18097,0.60105,-0.5406,0.59236,0.2357,-0.91549,-0.28374,-0.052764,0.9457,0.649,0.79788,-0.14792,-0.64232,-0.95517,0.97948,0.15027,-0.87014,-0.46375,-0.43668,0.72202,-0.478,0.45186,-0.012214,-0.57448,-0.59451,-0.82436,-0.002755,0.027042,NaN,0.89488,0.022058,-0.66619,-0.40007,0.76168,-0.45963,-0.16053,-0.6389,-0.26578,-0.69267,0.32804,0.73882,-0.78156,-0.36367,0.88719,0.034197,0.29358,-0.66675,0.20414,0.32888,-0.70811,-0.024673,-0.88395,-0.23167,0.47446,0.33253,0.14563
-0.67478,-0.47239,-0.53902,-0.94265,-0.14349,-0.1513,0.060688,-0.040953,-0.39739,0.33583,-0.46764,-0.36496,0.68312,0.77309,-0.34449,0.43136,0.7924,0.11339,-0.11231,-0.69168,0.94215,0.30024,0.5697,0.95797,-0.99932,-0.78986,-0.7721,0.38238,-0.85957,0.80944,-0.022025,0.89941,0.49698,0.91922,-0.29272,-0.57357,0.035082,-0.89234,-0.63265,0.50197,-0.28284,0.66503,-0.038199,-0.43212,0.33065,0.40266,0.070235,-0.83675,0.90992,0.59597,0.13571,0.62885,-0.70107,NaN,-0.77974,-0.11445,0.46836,-0.43863,-0.1984,0.065073,0.044666,-0.52078,0.65375,0.071703,-0.17156,-0.98678,-0.080171,0.89584,0.77225,-0.35181,-0.36579,0.55052,0.98419,-0.53333,-0.079349,-0.78746,0.046253,-0.63755,0.45232,0.9077
-0.762,-0.70892,0.68862,-0.020197,-0.035956,-0.078167,0.72228,0.6027,-0.40893,0.20694,0.59566,0.30738,0.46846,-0.09061,0.67561,0.67794,0.65316,-0.68701,-0.39963,0.91283,0.69275,0.94967,-0.070091,-0.43346,0.081757,0.64288,-0.37815,-0.30938,-0.86144,-0.73805,-0.48808,-0.833,0.13568,0.29269,-0.75964,-0.6135,0.25401,-0.71825,0.72331,-0.69296,-0.5315,0.99075,0.36973,0.23079,0.92851,-0.082218,-0.60239,-0.45104,-0.96818,0.31116,-0.14699,-0.80563,-0.45233,0.42091,NaN,0.26599,-0.79158,0.19829,0.10851,0.85141,-0.40766,-0.30772,-0.39809,0.65822,0.32242,0.1946,-0.52821,-0.094031,-0.70121,0.28069,-0.78032,0.18367,0.88872,-0.5066,0.031354,0.99685,0.7843,-0.14751,-0.33191,-0.65686
-0.0032719,-0.72786,-0.61047,-0.66415,-0.75878,0.54032,-0.030293,-0.54431,-0.33413,0.052205,-0.024792,0.91387,0.14205,-0.17315,0.47814,-0.13348,-0.21995,0.12411,-0.19723,0.87132,0.011999,-0.84807,0.62795,-0.73244,-0.58454,0.68217,-0.54314,0.89363,-0.72799,0.66746,0.85834,-0.44034,-0.40207,-0.24085,0.13822,0.66551,0.82636,0.78695,-0.93473,-0.28643,-0.59299,0.2995,-0.58348,0.55898,0.3423,0.16459,0.24634,0.73504,0.91503,-0.93533,-0.84752,-0.072573,0.74485,0.94049,0.37757,NaN,0.58515,-0.94755,-0.11227,0.79816,-0.074436,-0.50076,-0.23223,-0.46528,0.56697,0.31835,-0.9445,0.62167,-0.13065,0.7595,0.66418,-0.24764,-0.2993,-0.65943,-0.45601,0.73265,-0.18816,-0.80366,0.045546,0.81447
0.91949,0.73858,-0.54816,0.95736,0.17901,-0.35506,-0.21309,-0.0038114,-0.065864,0.45942,0.53792,0.87146,-0.64629,-0.56454,0.90835,-0.058751,-0.0041941,0.38961,0.66673,0.63743,-0.44225,0.17404,0.79689,0.37056,-0.56143,-0.29099,0.30399,0.040381,0.57778,0.60094,-0.066486,-0.10599,-0.48778,-0.046851,0.75007,0.45327,0.32794,-0.06836,-0.33608,-0.7121,0.62756,0.40791,0.21632,0.90969,-0.40165,-0.32182,-0.94737,0.11871,-0.94862,0.11413,-0.41883,0.17963,0.2025,0.99685,-0.70517,0.058662,NaN,-0.6896,-0.81923,0.089667,0.85046,-0.22587,0.3015,-0.64769,-0.50423,0.16001,0.31691,0.85776,-0.88192,-0.25272,0.94319,0.7013,-0.614,-0.52989,-0.53684,0.23041,0.20878,-0.39356,-0.45329,0.50444
-0.31923,0.15941,-0.65858,0.42539,-0.54762,0.56948,0.34286,0.8017,0.2964,0.41451,-0.20799,-0.084227,0.91477,-0.74869,-0.93615,0.12143,0.38961,-0.14709,-0.19274,0.45652,0.49323,-0.17223,-0.14152,0.81891,-0.34839,-0.13986,-0.86768,0.90763,-0.8152,0.83576,-0.49198,0.17514,0.77313,0.82378,-0.30285,0.059491,-0.22161,0.12171,0.49749,0.70122,-0.21313,0.86461,-0.34765,0.83921,0.062253,-0.65875,-0.36242,-0.070744,0.94222,0.4396,0.12267,-0.62566,-0.35762,0.97491,0.55512,0.25295,0.064795,NaN,0.48876,0.80225,-0.56822,-0.15792,0.63474,-0.13763,0.10885,0.8199,-0.68239,0.34543,-0.23794,0.53348,-0.56346,-0.54853,0.83915,-0.44908,0.79907,-0.94611,-0.81039,0.56025,0.43676,-0.42765
0.17054,0.09972,-0.54467,0.00094325,-0.23076,-0.057286,0.48252,0.14932,-0.94954,0.56275,-0.45412,-0.51904,-0.46936,-0.38217,-0.28626,-0.46182,0.66874,0.67254,-0.21965,-0.64838,-0.52614,-0.38173,-0.33134,0.22174,-0.8081,0.14448,-0.44914,-0.85281,-0.52426,-0.72539,-0.13756,0.75527,-0.1064,-0.97029,-0.91616,0.65816,0.48002,-0.011087,0.28873,-0.32426,-0.89285,0.37531,0.76169,-0.23037,-0.99707,-0.20161,0.065999,-0.1394,-0.40481,-0.77918,0.26667,0.22266,-0.43141,-0.69983,-0.2019,0.36164,-0.4933,-0.61021,NaN,-0.89635,-0.99798,0.28015,0.53253,-0.04869,-0.54083,0.27201,0.60533,-0.25534,0.44474,-0.66383,0.41216,0.59392,-0.42262,0.90321,0.81739,-0.35495,-0.32804,0.073921,0.55604,0.25482
-0.55238,-0.71009,-0.1286,-0.057823,0.16597,-0.92847,0.040105,0.69036,0.68441,-0.42405,-0.92553,0.5278,0.84916,0.45221,0.32531,0.49804,0.21926,0.46277,-0.2791,-0.27926,0.91469,-0.47233,0.19329,0.79997,0.49507,0.40165,-0.43636,-0.58594,-0.5127,0.0094646,0.40506,-0.061799,0.63197,-0.68661,-0.71532,0.023749,0.63527,-0.86443,-0.66152,-0.44961,-0.2499,0.13671,-0.73321,-0.67471,0.76758,0.83955,-0.34645,0.54797,0.050146,-0.56671,0.86155,-0.89612,-0.12937,0.91696,0.7966,0.8464,-0.85809,0.65958,-0.14051,NaN,0.81321,0.57511,-0.25165,0.57044,-0.98617,0.051123,-0.18284,-0.18861,-0.80976,0.039449,-0.92197,0.99376,0.10172,-0.30666,0.20729,-0.072448,-0.71032,0.53814,-0.83787,-0.074344
0.50253,0.70606,-0.3778,-0.88076,-0.49639,-0.64825,-0.30457,0.47728,0.11807,0.38506,0.34659,0.51865,-0.55246,0.56574,-0.437,0.0077755,0.14947,-0.27994,-0.71949,-0.62242,0.24052,0.51753,0.80398,-0.61313,0.49702,0.48494,0.76013,0.55006,-0.79036,-0.19008,-0.19534,-0.12516,-0.80333,-0.056864,-0.84681,0.10392,0.20069,0.79529,0.90441,-0.98798,0.54999,-0.2383,-0.79518,0.5935,-0.19123,-0.54791,0.20438,0.30784,0.72468,0.62204,0.95554,0.15145,0.80752,0.060918,-0.38591,-0.69433,0.25161,-0.32385,-0.92548,-0.33019,NaN,-0.46001,-0.62028,-0.7387,0.53328,-0.48075,-0.34522,-0.12235,0.33438,0.25491,0.23259,-0.43738,0.83865,-0.40536,-0.26953,-0.80197,-0.51024,0.27789,-0.55684,-0.74112
-0.48981,0.24411,0.84676,0.36394,-0.41912,0.44352,-0.70001,0.17197,0.7082,0.11334,-0.14087,0.4813,-0.25287,0.38758,-0.53923,0.29362,-0.34792,-0.091575,-0.47974,-0.9976,0.20052,0.99043,0.40413,0.50885,0.086599,0.51577,-0.11134,0.82838,0.71671,-0.65286,-0.63632,0.49237,0.71919,0.085983,0.48105,-0.57343,-0.83001,-0.42287,0.08654,0.60382,-0.6694,0.26916,0.91823,-0.77237,-0.39759,-0.27799,-0.27613,0.31546,0.79281,-0.72268,-0.81281,0.68469,0.85021,-0.85183,-0.8779,-0.18856,-0.95064,0.34223,0.9516,-0.54263,0.029904,NaN,0.293,-0.89729,-0.95633,-0.89766,0.49203,0.3573,-0.4072,0.42783,0.33873,0.42076,-0.8199,-0.19115,0.19718,0.14198,-0.24206,0.7863,-0.59208,0.098769
0.011914,-0.2981,-0.13959,-0.91514,0.23418,-0.053028,0.17218,-0.50653,-0.30424,-0.20696,-0.096522,0.48738,-0.825,-0.9804,0.42226,-0.38451,-0.087151,-0.22722,-0.82637,-0.36716,-0.65479,-0.62686,-0.24509,-0.30748,-0.32374,-0.22174,0.51183,0.5651,0.3964,0.15037,0.7125,-0.064179,-0.94474,-0.88062,-0.08695,0.17564,0.84472,-0.46191,-0.49717,-0.0051834,0.82444,-0.27354,-0.6942,-0.68235,0.90116,-0.35088,-0.73016,-0.67796,-0.62198,0.7638,0.32347,-0.00054805,0.010585,-0.37636,-0.56106,-0.37505,-0.87592,-0.89527,0.04468,0.6448,0.044138,0.48094,NaN,0.25501,-0.21379,0.4639,0.4927,-0.069859,0.19713,-0.38721,-0.9256,0.32928,-0.48461,-0.39553,0.33697,-0.34825,-0.45936,-0.87862,0.2482,0.93902
0.39815,0.026499,-0.63037,-0.85711,-0.46944,-0.69456,-0.47571,0.33283,-0.10795,-0.87682,0.21971,-0.78816,0.28023,0.68643,0.24915,-0.72255,0.42759,0.55111,-0.14121,0.39923,-0.81931,0.56229,0.46991,-0.16275,0.66467,-0.1414,0.20659,-0.40893,0.46748,0.21244,0.1684,0.72165,0.79831,0.31606,0.3365,-0.71447,-0.8928,0.18839,0.15714,0.075686,-0.36159,-0.18476,-0.69492,-0.28834,-0.078704,-0.83284,0.82763,-0.13525,0.32144,0.84711,0.20555,-0.12195,0.25516,0.79034,-0.83433,0.3878,-0.74078,0.46862,0.81926,-0.30353,-0.79416,0.6522,-0.43422,NaN,-0.49492,-0.67142,-0.65209,0.90653,-0.6963,-0.47263,-0.99333,-0.17033,-0.1459,0.51462,0.78913,-0.099015,-0.5688,-0.64846,0.45041,-0.11572
0.78181,-0.19638,0.80976,0.0433,0.64875,-0.31775,-0.91109,-0.83303,-0.89152,0.56035,-0.88119,0.36312,-0.63877,0.84466,0.18122,-0.048854,0.76881,0.46854,-0.48543,0.25051,-0.48948,-0.6084,0.90821,-0.68856,0.10514,0.91269,0.56653,-0.69631,0.30106,-0.57111,-0.25284,-0.066976,0.79987,0.77927,0.39849,-0.89555,0.05405,-0.048242,0.83095,0.74183,-0.34044,-0.2626,-0.68889,0.69552,-0.4247,0.025331,0.28112,0.010172,0.88246,-0.97449,-0.052364,-0.70189,0.43853,0.66954,0.90079,0.78138,-0.098772,-0.0010364,-0.2335,-0.66906,0.99376,-0.63562,0.2772,-0.72761,NaN,-0.43921,-0.76491,-0.2906,-0.12725,0.83201,-0.71507,-0.0034602,0.15545,-0.28051,-0.82533,0.15569,0.26746,-0.16734,0.66873,0.18193
0.91858,-0.84807,0.9595,-0.80654,0.96533,0.21478,0.50987,0.25192,-0.64578,-0.32483,-0.36838,-0.073479,-0.9099,0.54191,0.32088,-0.27508,0.44171,-0.13944,-0.40489,0.086124,0.71714,0.98472,0.085626,0.638,0.91509,0.14594,-0.77214,0.69582,0.032541,0.039865,-0.55661,-0.003791,0.048212,-0.78073,0.14271,0.36662,-0.76229,-0.26338,0.79119,0.44569,-0.59153,-0.063202,-0.82086,0.16556,-0.83075,0.66573,0.31755,-0.24934,0.95141,-0.24568,-0.28749,-0.94344,-0.95217,-0.9953,-0.96726,-0.018658,0.34467,0.8866,0.7689,-0.94373,-0.28206,-0.86913,0.18415,0.38911,0.32456,NaN,-0.65192,-0.32196,-0.97464,0.23007,0.72481,0.89825,0.79904,-0.7502,0.078021,-0.85031,0.59943,0.47958,-0.96221,-0.77806
0.094431,-0.52017,-0.12226,0.6363,0.4605,-0.61651,-0.51443,0.32189,0.32562,0.21573,0.54544,-0.57567,0.44635,-0.91468,-0.90489,0.57623,-0.96277,0.38751,-0.15028,-0.12193,0.82213,0.60452,0.080212,0.24985,0.78567,0.69944,0.95713,0.56971,-0.34722,0.97837,-0.56201,-0.025139,-0.7596,-0.12445,0.25739,0.21712,-0.23971,0.31122,-0.034987,0.33617,0.53443,0.0068277,-0.091151,0.17236,0.16436,0.80923,0.35066,-0.039256,-0.78413,-0.66438,-0.048843,0.51334,0.14987,0.28042,-0.77066,0.61165,0.71222,-0.42046,-0.48996,0.91074,0.25049,0.2207,-0.34942,0.031358,0.82948,0.094192,NaN,0.79172,-0.54195,-0.81365,-0.44793,0.90636,-0.56355,0.23437,-0.1431,-0.88531,-0.58297,0.78591,-0.59576,-0.6003
-0.72275,-0.75336,-0.77776,0.63509,-0.31225,0.47685,-0.1152,0.4595,-0.33834,0.48251,0.39287,-0.80296,-0.30512,-0.24363,-0.30243,0.56059,0.34955,0.89043,-0.76159,-0.42515,0.39927,-0.15155,-0.37778,0.47712,-0.28699,-0.44731,0.69719,-0.45834,0.32355,-0.02017,0.044465,-0.54106,-0.64441,-0.43954,0.75553,-0.56069,0.62567,0.8764,-0.11452,-0.64234,-0.86005,0.82107,0.33779,0.85168,-0.69386,0.44719,0.48912,-0.31516,-0.6422,0.080446,0.34204,0.59221,-0.90693,0.60637,-0.97518,-0.34712,-0.0031092,-0.24688,0.8181,0.36058,-0.21327,0.40311,0.9779,0.085165,-0.98619,0.082537,0.68378,NaN,-0.47264,0.25539,0.063383,0.46585,0.93406,-0.28896,0.23431,-0.39809,0.79251,-0.94829,-0.061814,-0.67407
-0.70141,-0.63218,-0.48387,0.44488,0.16814,-0.5143,0.37559,0.7815,0.79697,-0.79037,-0.74934,0.64715,0.32123,0.40868,-0.097319,0.33702,-0.12298,0.56847,-0.0098662,0.0033182,0.45036,0.45773,-0.85753,0.61022,0.092804,0.24465,-0.89871,-0.54438,-0.76487,0.38975,-0.13315,-0.8289,0.41222,0.97049,0.3247,-0.18744,-0.51181,0.24085,-0.37649,0.10099,0.90007,-0.58714,0.6626,0.15016,-0.85381,-0.23401,0.68436,0.55429,0.4931,-0.79668,0.91929,-0.41289,-0.15494,-0.50974,-0.56755,0.099758,-0.90243,-0.77249,0.78912,0.72112,-0.98468,-0.77676,-0.75353,0.61697,0.49285,0.57623,0.020166,0.49857,NaN,-0.61594,0.044443,-0.23064,-0.13204,-0.27412,0.11775,0.043442,0.49142,-0.72487,-0.24321,-0.92625
-0.48498,-0.52009,-0.18256,-0.70027,-0.78446,0.83485,-0.28154,0.96461,-0.76369,-0.74422,-0.7397,-0.64998,-0.23226,0.45903,-0.51819,-0.73299,-0.12436,0.41114,0.41281,0.52309,-0.54023,-0.0032928,-0.63604,-0.86555,-0.30664,0.17672,-0.067596,-0.35795,-0.70437,-0.17716,0.48261,-0.86523,0.66272,0.21752,0.75083,0.25982,0.76885,-0.43432,-0.88937,0.91975,-0.68358,-0.32279,0.58047,-0.98005,0.16113,-0.40397,0.033314,-0.23211,-0.90106,-0.92146,-0.82183,-0.76959,-0.064531,-0.87176,-0.97714,-0.22243,-0.37234,0.9297,-0.20297,0.87819,0.09057,-0.80835,0.47175,0.58737,0.59934,0.73921,-0.66847,-0.75025,-0.56983,NaN,0.13524,-0.91983,0.56964,-0.86302,-0.5483,0.12376,0.072772,-0.15183,-0.31921,-0.45455
0.68143,-0.16547,0.18979,0.31921,0.81262,-0.46188,0.47268,0.53806,0.97684,0.09908,-0.8153,-0.67286,0.25469,-0.55145,0.43009,-0.95689,-0.76593,-0.78133,-0.51285,0.52482,0.15211,0.61798,-0.81402,0.90158,0.24561,0.92694,-0.34869,0.65912,-0.96047,-0.93045,-0.8591,0.77678,-0.93033,-0.4925,-0.064966,0.11062,0.42529,-0.58964,0.50758,0.19204,-0.42711,0.14825,0.42542,0.61875,-0.42597,0.38342,-0.69626,0.42311,-0.85743,0.86646,0.59548,-0.24982,-0.95474,-0.4737,0.2849,0.79366,0.28326,-0.13498,0.25004,0.36039,0.018221,0.19567,-0.68677,0.0037342,0.8156,0.57508,0.42861,-0.09353,-0.30778,0.729,NaN,0.16587,0.050468,0.73432,-0.79096,-0.51689,0.93993,0.52913,-0.8723,-0.53973
-0.49144,-0.90069,-0.47558,0.03719,0.75931,0.531,-0.21059,0.16289,0.079964,-0.029541,-0.98436,0.33197,-0.9567,-0.46189,0.71236,0.11968,0.62936,-0.22014,0.57014,0.15211,0.62126,-0.28698,-0.073022,-0.004846,0.59325,-0.82819,0.26041,0.64436,0.92858,-0.41434,0.69467,-0.53366,0.51568,-0.73477,-0.71733,-0.74484,-0.2437,-0.12173,-0.73611,0.61714,0.37426,-0.026135,-0.054805,0.21762,-0.27616,0.76091,-0.23867,-0.038133,-0.021749,0.94318,0.18155,0.65779,-0.86985,-0.79456,0.033982,0.35224,0.57277,-0.83087,0.13519,0.83485,-0.50644,0.62447,-0.13071,-0.44674,0.94915,0.93886,0.81407,-0.8505,0.49563,-0.33284,-0.17317,NaN,-0.33745,-0.084208,-0.98004,0.82544,0.12977,0.048874,0.52267,-0.28291
0.62857,0.80543,0.20569,0.94595,0.63552,-0.62268,0.36683,0.85663,0.41383,0.78095,-0.15378,0.78878,0.82114,0.34606,-0.43698,-0.39836,-0.35029,0.18181,-0.85182,0.49533,-0.19231,-0.85351,-0.98133,0.51029,0.49175,0.00099778,-0.5394,0.14137,0.94075,0.60288,0.35976,0.72319,0.91422,0.09001,-0.86373,-0.6616,-0.50216,-0.9455,-0.28816,0.96906,-0.7177,-0.47556,0.41718,-0.040173,0.44965,0.8491,0.64204,0.45836,0.69979,-0.27814,0.82439,0.68355,0.84791,-0.032562,-0.50892,0.65679,-0.4217,0.43335,0.78902,-0.48662,-0.90921,0.62916,0.66449,-0.76067,-0.76027,-0.63906,-0.56292,0.32668,-0.17276,-0.72917,-0.1713,-0.28963,NaN,-0.84477,-0.88169,0.65147,-0.56462,0.50896,-0.19468,-0.73131
-0.51295,0.88957,0.42243,0.29798,-0.47854,-0.425,0.40809,0.16018,0.99898,0.59792,0.31115,0.033116,0.60112,-0.045016,0.4621,0.87882,-0.50754,-0.08124,-0.21223,0.29107,0.97688,0.18198,0.83005,0.48481,-0.74893,0.043179,0.15977,0.14366,-0.75228,-0.307,-0.7267,0.42347,-0.31426,0.65561,0.42848,-0.998,-0.49429,0.75237,-0.20826,0.77185,0.024173,0.15919,0.91612,-0.46312,0.71662,-0.83749,-0.65727,0.87512,0.99408,0.28841,-0.79774,0.33048,0.068286,-0.16223,-0.61251,-0.77982,-0.004264,0.013575,-0.57167,0.77124,0.68346,-0.82113,-0.28018,0.7732,0.03794,0.8612,0.74192,0.4073,-0.88849,0.53093,0.96784,0.7604,0.4358,NaN,-0.3547,-0.11091,0.71553,-0.6604,0.34858,0.99719
0.85853,-0.018272,-0.55651,0.60066,0.18871,-0.81777,-0.11539,-0.96603,-0.4243,0.46868,0.44585,0.4054,0.49169,0.24743,-0.72447,0.96181,-0.31457,-0.89932,-0.99321,-0.75356,-0.82,0.82038,0.28548,0.66226,0.64479,-0.81967,0.20631,-0.42796,-0.06518,-0.83337,0.7168,0.74563,0.27649,0.67401,-0.38403,-0.16368,0.53449,0.22018,0.77104,-0.57233,0.44265,0.75666,0.011551,-0.48381,-0.30417,-0.034654,-0.34005,0.034509,-0.99121,-0.86411,-0.41341,0.92028,-0.26641,-0.23742,-0.81826,-0.44155,0.63687,-0.34382,-0.99228,0.84009,-0.9035,0.46256,-0.84752,0.94058,0.64395,-0.9097,-0.57633,0.8379,-0.21994,-0.36277,-0.88452,0.24906,0.83242,-0.43661,NaN,0.96413,0.724,0.34545,0.10215,0.027042
-0.30003,-0.021495,-0.76516,-0.092405,-0.95497,0.15242,-0.96084,-0.75828,-0.17095,-0.89734,0.062419,-0.69282,0.62623,-0.52711,0.67345,-0.42676,-0.24862,-0.54262,-0.55865,0.0087957,-0.35812,-0.61247,-0.99716,-0.687,-0.9497,0.80933,0.19976,0.39827,0.31339,0.022213,-0.60033,0.876,-0.31399,0.6667,0.34233,-0.023029,-0.90028,-0.59282,-0.95752,-0.93074,0.85769,-0.8781,-0.38989,-0.037981,0.92349,-0.74347,0.93294,0.80614,0.085215,-0.58418,-0.89682,0.88624,-0.27211,0.77353,-0.26312,0.53527,0.19026,0.50705,0.76116,-0.39987,-0.36736,0.80771,0.11385,0.88505,0.27405,-0.51871,0.67333,0.32014,-0.051032,-0.49524,-0.20691,0.24803,0.78006,0.22776,-0.32904,NaN,-0.3734,0.23731,-0.89709,-0.22431
-0.60681,-0.32456,-0.40665,-0.13522,-0.14948,0.36673,-0.33828,0.72542,-0.07032,-0.85423,-0.78236,0.90691,-0.23339,-0.64575,-0.7228,0.60164,0.093108,0.66838,-0.9974,-0.30548,0.022818,-0.13526,-0.93923,-0.085383,-0.17114,0.76878,-0.10314,0.59252,-0.41963,-0.26633,0.21468,-0.72062,-0.56706,-0.59257,0.30484,-0.68026,0.37058,0.039834,0.68816,-0.097752,0.46421,-0.11825,0.57962,-0.54532,0.90714,-0.49418,0.61259,-0.56361,0.7227,-0.92079,0.0082564,-0.7746,-0.69725,-0.15888,-0.98441,-0.56789,0.072849,0.67201,-0.52976,-0.85322,0.56684,-0.095536,-0.45214,0.27626,0.90782,-0.98229,0.7186,0.38021,0.65064,-0.59985,0.58264,-0.40852,-0.73059,0.32372,0.23914,-0.53115,NaN,-0.98631,-0.38501,-0.50029
-0.49783,0.80011,-0.36244,0.65063,-0.37456,0.093186,-0.15138,-0.031407,0.52791,-0.82295,0.26353,0.081768,0.23456,0.65929,0.17642,0.79222,0.12384,-0.96871,-0.62164,-0.8157,-0.87879,0.49832,-0.58306,0.2362,0.46281,-0.12202,-0.92915,-0.11682,0.50907,0.47896,0.08609,-0.2122,0.5724,0.088835,0.062098,0.33368,0.24056,-0.89235,-0.42386,-0.97241,0.4997,-0.83148,-0.52723,-0.9028,-0.58793,0.76792,-0.55562,0.74644,0.81828,-0.061281,0.53675,0.29657,-0.70078,-0.4323,0.2054,-0.93188,-0.33825,-0.49257,-0.51027,0.5348,0.9448,-0.85862,-0.73589,-0.81882,0.89385,0.34319,0.046755,0.70745,-0.39271,-0.86198,0.18837,-0.85064,-0.76017,-0.59995,0.98577,0.62118,0.68003,NaN,0.93089,-0.2705
0.23209,-0.26151,-0.15167,-0.83306,-0.67703,-0.14854,-0.45946,0.68971,0.63641,0.5967,-0.747,0.35947,0.15099,0.53384,-0.26769,0.19505,-0.20836,0.72742,-0.71503,-0.7043,0.45138,-0.92163,-0.090068,0.86437,0.56275,0.56345,0.02763,-0.10757,0.11624,0.04948,-0.67535,0.96113,0.44618,0.74989,0.43021,-0.96416,0.49337,0.72437,-0.49931,-0.052579,-0.18536,0.12648,-0.53139,-0.66152,0.53649,-0.60745,0.99955,-0.83461,0.6907,-0.69981,-0.43403,-0.038392,-0.2984,-0.90364,-0.042291,-0.1269,-0.17662,0.06885,0.28183,-0.8301,0.17293,-0.51744,0.39931,-0.85058,0.93321,0.80963,-0.045274,-0.064197,0.64358,0.10382,-0.38087,-0.41259,0.7869,0.91997,0.29601,-0.097452,-0.014934,0.98347,NaN,-0.20188
-0.053422,-0.77759,0.015717,-0.73366,-0.64247,0.28889,-0.60589,-0.58119,-0.79956,0.88602,-0.73139,-0.92687,0.060103,0.86896,0.61352,0.76803,-0.20374,-0.84386,-0.46385,-0.60366,0.11311,0.89265,-0.74547,0.67018,-0.26543,-0.70307,-0.18454,-0.068675,-0.14441,0.60904,-0.98869,0.28959,-0.44232,-0.758,0.0096212,-0.76065,0.95451,-0.11413,-0.023241,0.90239,-0.52102,0.078621,-0.070601,-0.48311,0.23106,-0.75729,-0.87252,-0.069193,0.75775,0.98261,-0.54928,-0.86696,-0.32807,-0.56167,-0.38376,0.87373,0.58801,-0.12967,-0.39095,0.45753,0.55609,0.46373,-0.02819,-0.6351,-0.86531,0.14483,0.77977,-0.083043,0.13136,-0.19238,0.80361,-0.53052,0.30617,0.33021,0.079552,-0.50006,-0.8962,-0.74364,-0.24395,NaN
